age,job,marital,education,default,balance,housing,loan,contact,day,month,duration,campaign,pdays,previous,poutcome,y
30,unemployed,married,primary,no,1787,no,no,cellular,19,oct,79,1,-1,0,unknown,no
36,technician,married,tertiary,no,1109,no,no,cellular,13,aug,328,2,-1,0,unknown,no
56,technician,married,secondary,no,4073,no,no,cellular,27,aug,239,5,-1,0,unknown,no
41,management,married,tertiary,no,5883,no,no,cellular,20,nov,182,2,-1,0,unknown,no
68,retired,divorced,secondary,no,4189,no,no,telephone,14,jul,897,2,-1,0,unknown,yes
49,technician,married,tertiary,no,1235,no,no,cellular,13,aug,354,3,-1,0,unknown,yes
33,self-employed,single,tertiary,no,2155,no,no,cellular,17,nov,295,1,-1,0,unknown,no
48,management,married,tertiary,no,5887,no,no,cellular,13,aug,227,2,-1,0,unknown,no
48,services,married,secondary,no,1355,no,no,cellular,4,jul,134,2,-1,0,unknown,no
56,admin.,married,secondary,no,16873,no,no,cellular,7,oct,223,1,-1,0,unknown,no
54,management,divorced,tertiary,no,3222,no,no,cellular,14,aug,67,2,-1,0,unknown,no
37,management,married,tertiary,no,1315,no,no,cellular,30,jun,224,1,-1,0,unknown,yes
32,management,single,tertiary,no,3616,no,no,cellular,14,aug,165,2,-1,0,unknown,no
57,blue-collar,married,secondary,no,14093,no,no,cellular,11,aug,231,5,-1,0,unknown,no
41,unknown,single,tertiary,no,1567,no,no,cellular,1,jul,291,2,-1,0,unknown,no
36,blue-collar,divorced,secondary,no,2843,no,no,cellular,12,feb,473,1,182,1,success,no
49,technician,married,secondary,no,5996,no,no,telephone,21,nov,345,2,-1,0,unknown,no
56,unemployed,married,primary,no,3391,no,no,cellular,21,apr,243,1,-1,0,unknown,yes
21,student,single,secondary,no,2488,no,no,cellular,30,jun,258,6,169,3,success,yes
77,retired,divorced,tertiary,no,4659,no,no,cellular,14,apr,161,1,-1,0,unknown,yes
55,entrepreneur,married,secondary,no,8104,no,no,cellular,6,feb,213,2,-1,0,unknown,no
42,technician,married,secondary,no,2980,no,no,unknown,20,jun,101,3,-1,0,unknown,no
42,management,married,tertiary,no,9009,no,no,cellular,20,nov,135,2,-1,0,unknown,no
30,management,single,tertiary,no,1372,no,no,cellular,20,nov,240,2,-1,0,unknown,no
23,student,single,secondary,no,9216,no,no,cellular,5,jun,471,2,-1,0,unknown,no
75,retired,married,secondary,no,3771,no,no,telephone,15,apr,185,1,181,2,success,yes
48,technician,married,secondary,no,1526,no,no,cellular,6,aug,273,2,-1,0,unknown,no
57,self-employed,married,secondary,no,11494,no,no,cellular,19,nov,198,1,-1,0,unknown,no
45,technician,married,secondary,no,1410,no,no,cellular,11,aug,71,2,-1,0,unknown,no
40,entrepreneur,married,tertiary,no,3571,no,no,unknown,9,jun,222,3,-1,0,unknown,no
30,student,single,secondary,no,3096,no,no,cellular,26,jan,123,1,-1,0,unknown,no
57,housemaid,married,primary,no,7082,no,no,unknown,6,jun,69,3,-1,0,unknown,no
50,self-employed,married,tertiary,no,4012,no,no,cellular,19,nov,690,3,-1,0,unknown,no
44,management,married,tertiary,no,3762,no,no,cellular,28,aug,125,12,-1,0,unknown,no
32,management,married,tertiary,no,2349,no,no,cellular,14,aug,134,5,-1,0,unknown,no
39,technician,single,tertiary,no,5803,no,no,cellular,2,feb,83,3,-1,0,unknown,no
56,services,divorced,secondary,no,1007,no,no,cellular,29,jul,88,6,-1,0,unknown,no
53,services,married,secondary,no,4994,no,no,cellular,18,aug,62,6,-1,0,unknown,no
47,management,married,tertiary,no,3681,no,no,cellular,14,aug,101,2,-1,0,unknown,no
70,retired,divorced,primary,no,4531,no,no,cellular,18,may,445,1,-1,0,unknown,no
26,unemployed,single,secondary,no,1064,no,no,unknown,31,may,113,1,-1,0,unknown,no
38,management,married,tertiary,no,1199,no,no,cellular,4,aug,178,1,1,1,success,yes
63,retired,married,primary,no,1084,no,no,cellular,14,oct,201,1,183,1,success,no
51,self-employed,divorced,primary,no,10924,no,no,cellular,6,may,106,2,-1,0,unknown,no
57,management,married,tertiary,no,1602,no,no,cellular,29,jul,339,3,-1,0,unknown,no
55,management,married,primary,no,2587,no,no,cellular,4,sep,328,2,94,2,success,yes
48,admin.,divorced,secondary,no,4099,no,no,cellular,2,apr,397,2,-1,0,unknown,yes
45,management,married,tertiary,no,5450,no,no,cellular,8,aug,188,2,-1,0,unknown,no
60,technician,single,primary,no,11262,no,no,cellular,26,aug,323,1,-1,0,unknown,yes
59,retired,married,tertiary,no,9676,no,no,telephone,27,mar,234,2,-1,0,unknown,yes
48,management,married,tertiary,no,6613,no,no,unknown,17,jun,159,3,-1,0,unknown,no
32,blue-collar,married,secondary,no,1005,no,no,cellular,12,may,215,1,-1,0,unknown,no
37,technician,single,tertiary,no,6101,no,no,cellular,4,may,60,5,87,1,success,no
53,blue-collar,married,secondary,no,4380,no,no,telephone,19,aug,223,7,-1,0,unknown,no
31,services,single,secondary,no,2070,no,no,cellular,29,aug,319,2,-1,0,unknown,no
66,retired,married,tertiary,no,2262,no,no,cellular,22,apr,155,1,-1,0,unknown,no
34,self-employed,single,tertiary,no,5462,no,no,cellular,30,apr,430,1,-1,0,unknown,yes
61,admin.,married,secondary,no,4608,no,no,cellular,12,mar,212,1,-1,0,unknown,yes
77,retired,married,tertiary,no,7802,no,no,telephone,4,may,421,1,92,2,success,yes
53,admin.,married,secondary,no,1796,no,no,telephone,16,mar,295,1,91,2,success,yes
41,management,married,tertiary,no,3872,no,no,cellular,15,oct,231,1,-1,0,unknown,no
61,retired,married,secondary,no,5207,no,no,cellular,11,sep,336,1,81,2,other,no
57,retired,married,primary,no,5799,no,no,unknown,17,jun,97,1,-1,0,unknown,no
52,blue-collar,married,primary,no,1054,no,no,cellular,4,aug,273,1,-1,0,unknown,no
45,management,married,tertiary,no,1529,no,no,cellular,30,jun,160,1,-1,0,unknown,no
47,admin.,single,secondary,no,3696,no,no,cellular,12,jul,250,2,181,4,success,yes
49,admin.,married,secondary,no,2465,no,no,cellular,20,aug,157,3,-1,0,unknown,no
43,technician,single,secondary,no,11269,no,no,unknown,29,may,92,1,-1,0,unknown,no
55,blue-collar,married,primary,no,2275,no,no,cellular,25,aug,139,9,-1,0,unknown,no
43,management,single,tertiary,no,1304,no,no,cellular,6,aug,501,2,-1,0,unknown,yes
28,student,single,secondary,no,11555,no,no,cellular,8,apr,125,2,-1,0,unknown,no
50,self-employed,married,secondary,no,1138,no,no,cellular,14,aug,219,10,-1,0,unknown,no
32,services,single,secondary,no,2881,no,no,cellular,2,jul,356,1,-1,0,unknown,yes
51,unemployed,single,tertiary,no,1594,no,no,telephone,4,feb,197,1,-1,0,unknown,no
35,technician,married,tertiary,no,7050,no,no,cellular,11,aug,222,3,182,4,success,yes
31,self-employed,married,tertiary,no,1134,no,no,cellular,6,feb,174,2,-1,0,unknown,no
58,self-employed,divorced,tertiary,no,1382,no,no,unknown,9,jun,700,1,-1,0,unknown,yes
40,blue-collar,married,secondary,no,11084,no,no,unknown,11,jun,113,1,-1,0,unknown,no
44,housemaid,married,primary,no,3706,no,no,unknown,17,jun,209,3,-1,0,unknown,no
80,management,married,primary,no,6483,no,no,telephone,19,oct,123,1,-1,0,unknown,no
49,management,married,tertiary,no,1430,no,no,cellular,18,nov,231,2,-1,0,unknown,no
55,retired,married,primary,no,8894,no,no,unknown,11,jun,262,1,-1,0,unknown,no
42,housemaid,married,primary,no,14752,no,no,unknown,19,may,107,2,-1,0,unknown,no
56,management,single,tertiary,no,15311,no,no,cellular,29,apr,157,6,-1,0,unknown,no
40,management,married,tertiary,no,10786,no,no,unknown,20,jun,111,3,-1,0,unknown,no
46,services,married,secondary,no,1034,no,no,cellular,8,aug,109,2,-1,0,unknown,no
57,management,married,tertiary,no,3250,no,no,cellular,20,aug,162,3,-1,0,unknown,no
28,management,single,secondary,no,1633,no,no,cellular,5,jun,275,1,-1,0,unknown,yes
55,retired,married,primary,no,3334,no,no,cellular,14,aug,632,4,-1,0,unknown,yes
50,management,married,tertiary,no,2881,no,no,cellular,5,aug,510,2,2,5,other,no
27,blue-collar,single,primary,no,1209,no,no,cellular,29,jan,283,1,-1,0,unknown,no
40,self-employed,married,tertiary,no,13669,no,no,cellular,15,oct,138,1,136,8,other,no
31,entrepreneur,single,tertiary,no,1957,no,no,cellular,4,feb,112,3,-1,0,unknown,no
47,blue-collar,married,secondary,no,1996,no,no,unknown,5,jun,761,2,-1,0,unknown,yes
50,unemployed,married,secondary,no,1772,no,no,cellular,29,jul,206,4,-1,0,unknown,no
54,retired,married,secondary,no,3671,no,no,unknown,11,jun,67,3,-1,0,unknown,no
31,housemaid,single,primary,no,26965,no,no,cellular,21,apr,654,2,-1,0,unknown,yes
37,admin.,married,secondary,no,11303,no,no,cellular,26,may,500,2,-1,0,unknown,no
30,management,single,tertiary,no,19358,no,no,cellular,19,nov,258,2,-1,0,unknown,no
33,technician,single,secondary,no,5235,no,no,cellular,7,aug,67,3,-1,0,unknown,no
30,services,single,secondary,no,3485,no,no,cellular,2,feb,142,2,-1,0,unknown,no
59,retired,married,primary,no,1427,no,no,unknown,18,jun,140,2,-1,0,unknown,no
32,self-employed,single,secondary,no,1259,no,no,cellular,25,jul,184,2,-1,0,unknown,no
67,blue-collar,married,secondary,no,16353,no,no,cellular,27,oct,223,2,-1,0,unknown,no
45,housemaid,married,primary,no,7353,no,no,cellular,13,aug,536,2,-1,0,unknown,no
46,blue-collar,married,primary,no,2904,no,no,cellular,20,apr,277,2,-1,0,unknown,no
40,blue-collar,married,secondary,no,1451,no,no,cellular,1,jun,314,1,-1,0,unknown,yes
41,technician,married,secondary,no,1066,no,no,cellular,11,feb,109,3,-1,0,unknown,yes
51,admin.,married,secondary,no,2662,no,no,telephone,28,jan,148,2,-1,0,unknown,no
27,unemployed,single,secondary,no,3276,no,no,cellular,5,aug,106,1,110,2,other,no
33,management,single,tertiary,no,3143,no,no,cellular,29,jun,421,2,-1,0,unknown,yes
33,management,single,tertiary,no,1909,no,no,cellular,8,aug,191,2,-1,0,unknown,no
55,blue-collar,married,primary,no,3873,no,no,telephone,21,apr,222,1,-1,0,unknown,no
36,services,divorced,secondary,no,1594,no,no,unknown,6,jun,250,3,-1,0,unknown,no
56,blue-collar,divorced,primary,no,3021,no,no,unknown,9,jun,419,2,-1,0,unknown,no
59,self-employed,married,tertiary,no,2013,no,no,cellular,19,feb,222,4,94,2,success,yes
23,student,single,secondary,no,8494,no,no,cellular,25,aug,158,2,-1,0,unknown,no
56,retired,married,secondary,no,1044,no,no,telephone,3,jul,353,2,-1,0,unknown,yes
49,retired,single,primary,no,25824,no,no,unknown,17,jun,94,1,-1,0,unknown,no
42,management,single,secondary,no,9720,no,no,cellular,5,aug,81,2,-1,0,unknown,no
34,services,married,secondary,no,1337,no,no,cellular,17,dec,330,2,127,3,success,yes
36,management,single,tertiary,no,3343,no,no,cellular,18,nov,307,1,-1,0,unknown,no
63,entrepreneur,married,secondary,no,3904,no,no,telephone,4,aug,250,2,187,2,success,yes
32,management,married,tertiary,no,1390,no,no,cellular,7,aug,116,2,-1,0,unknown,no
48,management,married,tertiary,no,1147,no,no,cellular,5,aug,389,1,64,2,success,yes
49,services,married,secondary,no,1122,no,no,cellular,4,aug,143,1,-1,0,unknown,no
54,unknown,married,secondary,no,2206,no,no,cellular,12,nov,104,1,99,2,other,yes
32,technician,single,tertiary,no,1012,no,no,cellular,14,apr,178,1,-1,0,unknown,no
50,technician,single,secondary,no,3897,no,no,cellular,26,oct,298,1,-1,0,unknown,no
60,retired,married,secondary,no,4820,no,no,unknown,5,jun,419,1,-1,0,unknown,no
59,retired,married,secondary,no,1173,no,no,unknown,9,jun,77,2,-1,0,unknown,no
38,management,single,tertiary,no,1373,no,no,cellular,22,oct,119,4,-1,0,unknown,no
40,self-employed,single,tertiary,no,2893,no,no,cellular,2,jun,76,3,-1,0,unknown,no
32,technician,single,tertiary,no,5514,no,no,cellular,22,apr,319,1,182,1,success,yes
37,admin.,married,secondary,no,1193,no,no,cellular,12,may,396,2,-1,0,unknown,no
58,management,married,tertiary,no,2729,no,no,unknown,18,jun,188,1,-1,0,unknown,no
28,self-employed,single,tertiary,no,4579,no,no,cellular,12,jan,409,2,-1,0,unknown,yes
37,management,married,tertiary,no,5106,no,no,cellular,30,apr,244,1,-1,0,unknown,yes
34,services,married,secondary,no,1076,no,no,cellular,12,may,152,1,182,6,success,yes
38,blue-collar,married,primary,no,2569,no,no,unknown,9,jun,172,1,-1,0,unknown,no
72,blue-collar,married,primary,no,4415,no,no,telephone,13,oct,120,1,-1,0,unknown,no
40,technician,married,secondary,no,1270,no,no,cellular,17,apr,342,2,-1,0,unknown,no
61,management,married,tertiary,no,6016,no,no,cellular,2,feb,670,3,-1,0,unknown,yes
66,admin.,single,secondary,no,10177,no,no,cellular,5,may,272,4,-1,0,unknown,no
29,management,single,tertiary,no,15459,no,no,cellular,26,may,245,3,97,7,success,no
75,retired,divorced,secondary,no,1341,no,no,cellular,18,dec,415,7,-1,0,unknown,yes
31,unemployed,married,tertiary,no,7744,no,no,cellular,26,aug,377,8,-1,0,unknown,no
41,management,divorced,tertiary,no,5037,no,no,cellular,23,apr,252,9,185,5,other,yes
46,admin.,divorced,secondary,no,2232,no,no,cellular,13,feb,121,1,-1,0,unknown,yes
30,blue-collar,married,primary,no,2581,no,no,unknown,12,may,221,2,-1,0,unknown,no
59,retired,divorced,secondary,no,5845,no,no,cellular,14,may,1060,2,-1,0,unknown,yes
37,entrepreneur,married,tertiary,no,2685,no,no,unknown,20,jun,187,2,-1,0,unknown,no
41,blue-collar,married,secondary,no,1459,no,no,unknown,5,jun,82,1,-1,0,unknown,no
49,blue-collar,married,tertiary,no,1784,no,no,unknown,12,jun,753,1,-1,0,unknown,no
44,technician,married,tertiary,no,1146,no,no,cellular,4,jul,178,2,-1,0,unknown,no
29,admin.,single,secondary,no,1448,no,no,cellular,10,mar,217,1,184,7,other,no
39,technician,married,secondary,no,9121,no,no,unknown,5,jun,147,1,-1,0,unknown,no
55,retired,married,primary,no,4424,no,no,cellular,5,aug,67,4,-1,0,unknown,no
38,technician,married,tertiary,no,3234,no,no,cellular,18,nov,578,2,-1,0,unknown,yes
44,admin.,single,secondary,no,2524,no,no,unknown,19,jun,82,1,-1,0,unknown,no
79,retired,married,secondary,no,4738,no,no,telephone,9,jul,151,5,-1,0,unknown,no
64,retired,married,secondary,no,1574,no,no,telephone,29,jul,301,3,-1,0,unknown,yes
56,housemaid,divorced,primary,yes,1238,no,no,unknown,5,jun,1558,1,-1,0,unknown,yes
73,retired,married,primary,no,1388,no,no,cellular,20,jul,146,3,190,3,success,no
49,self-employed,married,secondary,no,1103,no,no,cellular,12,aug,428,2,-1,0,unknown,no
29,services,married,secondary,no,3748,no,no,cellular,28,may,322,3,-1,0,unknown,no
33,unknown,married,secondary,no,2727,no,no,cellular,6,aug,205,3,-1,0,unknown,no
55,blue-collar,married,primary,no,4103,no,no,cellular,19,nov,291,1,-1,0,unknown,no
35,self-employed,married,tertiary,no,8647,no,no,cellular,19,nov,140,2,-1,0,unknown,no
27,unknown,single,tertiary,no,6421,no,no,telephone,28,jan,147,4,-1,0,unknown,no
44,unemployed,single,secondary,no,3945,no,no,cellular,28,jan,255,1,-1,0,unknown,no
27,admin.,single,secondary,no,3638,no,no,cellular,11,jul,271,5,-1,0,unknown,no
60,admin.,married,secondary,no,1025,no,no,cellular,6,aug,388,8,-1,0,unknown,no
32,technician,single,secondary,no,2979,no,no,cellular,25,may,156,1,-1,0,unknown,no
31,admin.,divorced,secondary,no,1210,no,no,cellular,16,jul,350,1,-1,0,unknown,no
33,management,single,tertiary,no,1998,no,no,cellular,19,nov,570,1,-1,0,unknown,no
28,student,single,tertiary,no,1562,no,no,cellular,15,feb,659,4,-1,0,unknown,yes
33,management,single,secondary,no,8004,no,no,cellular,19,nov,414,3,-1,0,unknown,no
46,management,divorced,tertiary,no,1297,no,no,cellular,11,aug,716,3,-1,0,unknown,yes
43,management,married,tertiary,no,1188,no,no,cellular,27,may,140,2,-1,0,unknown,no
36,admin.,single,secondary,no,1281,no,no,telephone,24,jul,119,2,-1,0,unknown,no
37,technician,single,secondary,no,2442,no,no,cellular,16,feb,91,3,-1,0,unknown,yes
32,technician,single,tertiary,no,2185,no,no,cellular,20,nov,354,2,-1,0,unknown,no
51,management,single,tertiary,no,2139,no,no,cellular,17,nov,176,2,-1,0,unknown,no
29,management,single,tertiary,no,1445,no,no,cellular,26,apr,328,2,143,2,success,yes
57,blue-collar,married,secondary,no,2887,no,no,cellular,21,aug,819,10,-1,0,unknown,yes
38,management,married,tertiary,no,7124,no,no,unknown,16,jun,301,6,-1,0,unknown,no
56,management,married,tertiary,no,15520,no,no,cellular,18,nov,420,1,-1,0,unknown,no
58,management,divorced,tertiary,no,1533,no,no,unknown,15,may,137,2,-1,0,unknown,no
31,management,married,tertiary,no,6290,no,no,cellular,20,nov,303,2,-1,0,unknown,no
40,technician,married,secondary,no,1819,no,no,cellular,5,jun,398,2,-1,0,unknown,no
59,retired,divorced,primary,no,7179,no,no,cellular,5,feb,150,1,-1,0,unknown,no
54,management,married,tertiary,no,8295,no,no,cellular,5,jun,207,1,-1,0,unknown,yes
34,management,single,tertiary,no,2646,no,no,cellular,14,apr,142,1,-1,0,unknown,yes
86,retired,married,secondary,no,1503,no,no,telephone,18,mar,165,3,101,1,other,no
53,blue-collar,married,primary,no,4143,no,no,cellular,15,jul,200,3,-1,0,unknown,no
34,services,married,secondary,no,2211,no,no,unknown,8,may,149,1,-1,0,unknown,no
42,management,married,tertiary,no,1205,no,no,telephone,8,sep,376,2,-1,0,unknown,yes
40,management,single,tertiary,no,1361,no,no,cellular,29,jan,1473,1,-1,0,unknown,yes
48,housemaid,married,primary,no,7195,no,no,cellular,21,nov,609,2,-1,0,unknown,yes
29,management,single,tertiary,no,1026,no,no,cellular,12,nov,226,1,92,1,other,yes
66,retired,married,secondary,no,4785,no,no,cellular,13,aug,72,3,-1,0,unknown,no
71,retired,married,primary,no,4657,no,no,cellular,16,feb,93,5,-1,0,unknown,yes
66,management,married,tertiary,no,2169,no,no,cellular,7,jul,282,1,-1,0,unknown,no
50,services,married,primary,no,1260,no,no,cellular,18,nov,172,1,-1,0,unknown,no
44,technician,single,secondary,no,7138,no,no,cellular,8,aug,809,2,-1,0,unknown,yes
31,management,single,tertiary,no,1494,no,no,cellular,13,aug,275,12,-1,0,unknown,no
74,retired,divorced,secondary,no,4079,no,no,cellular,19,oct,343,3,-1,0,unknown,yes
54,management,divorced,tertiary,no,7010,no,no,cellular,11,mar,275,2,-1,0,unknown,no
33,management,single,tertiary,no,3170,no,no,cellular,28,oct,246,2,-1,0,unknown,no
35,management,single,tertiary,no,2975,no,no,cellular,8,aug,249,2,-1,0,unknown,no
37,blue-collar,married,secondary,no,1053,no,no,unknown,16,jun,405,3,-1,0,unknown,no
43,unknown,married,tertiary,no,1937,no,no,unknown,19,jun,385,1,-1,0,unknown,no
59,technician,married,primary,no,4198,no,no,cellular,14,jan,309,1,91,10,success,yes
80,retired,married,secondary,no,8304,no,no,telephone,6,apr,681,1,118,11,success,no
31,self-employed,single,secondary,no,1086,no,no,cellular,20,nov,410,1,-1,0,unknown,no
39,blue-collar,married,primary,no,1046,no,no,unknown,19,jun,112,4,-1,0,unknown,no
27,student,single,secondary,no,1566,no,no,cellular,30,jan,164,5,-1,0,unknown,no
52,management,married,tertiary,no,6922,no,no,cellular,20,nov,371,1,-1,0,unknown,no
40,housemaid,married,primary,no,1832,no,no,cellular,6,feb,213,4,-1,0,unknown,no
47,housemaid,single,tertiary,no,3727,no,no,unknown,12,jun,993,6,-1,0,unknown,yes
31,technician,single,secondary,no,1970,no,no,telephone,17,apr,284,3,-1,0,unknown,no
62,management,married,tertiary,no,1859,no,no,telephone,6,aug,245,3,-1,0,unknown,yes
60,management,married,tertiary,no,3387,no,no,cellular,14,aug,636,2,-1,0,unknown,no
35,technician,single,tertiary,no,3552,no,no,cellular,21,nov,267,1,-1,0,unknown,no
41,admin.,divorced,secondary,no,3823,no,no,cellular,26,apr,234,10,-1,0,unknown,no
34,entrepreneur,married,tertiary,no,4343,no,no,unknown,9,jun,85,4,-1,0,unknown,no
55,management,divorced,tertiary,no,1598,no,no,cellular,22,aug,607,4,-1,0,unknown,no
34,admin.,married,secondary,no,1671,no,no,unknown,21,may,160,1,-1,0,unknown,no
51,self-employed,married,tertiary,no,2007,no,no,unknown,16,jun,1021,1,-1,0,unknown,no
34,management,single,tertiary,no,6766,no,no,cellular,28,aug,210,5,-1,0,unknown,no
47,technician,married,secondary,no,3973,no,no,cellular,6,aug,732,2,-1,0,unknown,no
45,blue-collar,married,primary,no,2433,no,no,cellular,6,aug,133,2,-1,0,unknown,no
30,housemaid,single,secondary,no,1924,no,no,cellular,6,feb,170,1,-1,0,unknown,no
70,retired,married,primary,no,3782,no,no,cellular,16,mar,618,1,-1,0,unknown,no
38,technician,married,secondary,no,1931,no,no,cellular,2,jun,167,1,298,10,other,no
38,unemployed,married,tertiary,no,1449,no,no,unknown,26,may,535,6,-1,0,unknown,no
50,technician,married,secondary,no,1412,no,no,cellular,6,aug,131,3,-1,0,unknown,no
33,management,married,tertiary,no,2098,no,no,cellular,20,nov,67,1,-1,0,unknown,no
58,retired,single,primary,no,6570,no,no,cellular,21,jul,106,3,-1,0,unknown,no
37,technician,single,tertiary,no,1661,no,no,cellular,19,aug,199,5,-1,0,unknown,no
48,blue-collar,married,primary,no,1678,no,no,cellular,28,jan,263,2,-1,0,unknown,no
30,unemployed,married,secondary,no,1210,no,no,cellular,9,jul,100,4,-1,0,unknown,no
44,unknown,married,secondary,no,2319,no,no,cellular,4,aug,251,3,-1,0,unknown,no
32,admin.,single,secondary,no,1649,no,no,cellular,27,may,204,2,-1,0,unknown,no
34,self-employed,married,tertiary,no,5498,no,no,cellular,19,nov,265,1,-1,0,unknown,no
44,management,single,tertiary,no,5063,no,no,cellular,27,oct,418,2,-1,0,unknown,yes
47,management,married,tertiary,no,1890,no,no,cellular,8,jul,161,1,-1,0,unknown,no
39,technician,single,tertiary,no,1190,no,no,cellular,8,aug,136,1,-1,0,unknown,no
57,admin.,married,secondary,no,3927,no,no,cellular,13,oct,61,1,-1,0,unknown,no
36,technician,married,tertiary,no,1327,no,no,cellular,29,oct,174,2,-1,0,unknown,no
31,unemployed,married,secondary,no,3242,no,no,unknown,25,jun,292,2,-1,0,unknown,no
44,unemployed,single,primary,no,4232,no,no,unknown,16,jun,227,1,-1,0,unknown,no
42,self-employed,married,secondary,no,5564,no,no,cellular,17,nov,560,2,-1,0,unknown,no
22,student,single,secondary,no,2488,no,no,cellular,8,nov,449,2,38,10,other,yes
45,technician,married,secondary,no,2571,no,no,unknown,18,jun,146,2,-1,0,unknown,no
26,self-employed,single,tertiary,no,1153,no,no,cellular,4,may,238,3,-1,0,unknown,no
58,retired,married,primary,no,4007,no,no,cellular,30,nov,598,4,-1,0,unknown,no
37,management,married,tertiary,no,5355,no,no,telephone,17,feb,466,4,-1,0,unknown,yes
67,retired,married,primary,no,2301,no,no,cellular,16,apr,124,1,-1,0,unknown,no
57,management,married,tertiary,no,2416,no,no,cellular,11,aug,74,2,-1,0,unknown,no
30,student,single,tertiary,no,7513,no,no,cellular,11,aug,269,2,-1,0,unknown,no
46,admin.,divorced,secondary,no,7378,no,no,cellular,18,nov,466,1,-1,0,unknown,no
61,retired,married,secondary,no,2917,no,no,cellular,6,oct,215,1,-1,0,unknown,yes
28,blue-collar,married,secondary,no,4287,no,no,cellular,30,apr,171,1,-1,0,unknown,no
52,technician,married,tertiary,no,2557,no,no,cellular,28,jan,134,5,204,2,success,yes
31,management,married,tertiary,no,2395,no,no,cellular,27,apr,218,1,-1,0,unknown,no
60,management,married,primary,no,4895,no,no,unknown,9,jun,313,1,-1,0,unknown,no
31,entrepreneur,married,tertiary,no,5191,no,no,cellular,20,nov,187,2,-1,0,unknown,no
56,unemployed,divorced,primary,no,1770,no,no,cellular,5,feb,916,3,-1,0,unknown,no
50,management,single,tertiary,no,1200,no,no,cellular,14,aug,904,3,-1,0,unknown,yes
50,management,married,tertiary,no,1240,no,no,cellular,12,aug,474,2,-1,0,unknown,no
33,blue-collar,married,primary,no,3074,no,no,cellular,18,nov,679,1,-1,0,unknown,no
45,technician,married,secondary,no,1673,no,no,cellular,23,oct,76,1,-1,0,unknown,no
30,management,single,tertiary,no,4213,no,no,cellular,25,aug,142,4,-1,0,unknown,no
34,management,married,tertiary,no,1310,no,no,telephone,30,jan,521,3,158,7,other,no
25,management,single,tertiary,no,2506,no,no,cellular,17,feb,485,1,-1,0,unknown,yes
58,housemaid,married,secondary,no,2705,no,no,telephone,14,aug,137,1,-1,0,unknown,no
32,management,single,tertiary,no,2629,no,no,cellular,28,aug,77,4,-1,0,unknown,no
29,technician,single,tertiary,no,2325,no,no,cellular,2,feb,125,1,-1,0,unknown,yes
52,services,married,secondary,no,2072,no,no,cellular,10,jul,224,1,-1,0,unknown,no
54,unknown,married,secondary,no,1157,no,no,cellular,26,may,98,2,-1,0,unknown,no
39,technician,single,tertiary,no,1043,no,no,cellular,18,aug,195,10,-1,0,unknown,no
46,technician,married,secondary,no,2098,no,no,cellular,7,aug,110,2,-1,0,unknown,no
47,technician,married,secondary,no,1219,no,no,cellular,18,aug,697,4,-1,0,unknown,yes
49,services,married,secondary,no,1114,no,no,cellular,17,nov,283,1,-1,0,unknown,no
47,self-employed,married,secondary,no,1121,no,no,unknown,20,jun,454,6,-1,0,unknown,no
43,management,married,tertiary,no,2886,no,no,cellular,20,nov,230,1,-1,0,unknown,no
53,blue-collar,single,secondary,no,5715,no,no,cellular,28,jan,287,2,-1,0,unknown,no
37,technician,single,secondary,no,3665,no,no,cellular,12,aug,664,3,-1,0,unknown,yes
28,management,single,tertiary,no,2380,no,no,cellular,14,sep,394,2,-1,0,unknown,no
38,admin.,married,tertiary,no,1980,no,no,cellular,5,aug,176,2,-1,0,unknown,no
54,housemaid,divorced,secondary,no,1327,no,no,unknown,5,jun,115,2,-1,0,unknown,no
44,management,married,tertiary,no,1058,no,no,cellular,11,mar,188,3,-1,0,unknown,yes
38,technician,married,secondary,no,6728,no,no,cellular,25,nov,232,1,96,4,success,yes
31,management,single,tertiary,no,2590,no,no,cellular,23,sep,103,2,484,2,other,no
51,housemaid,divorced,secondary,no,9228,no,no,cellular,18,jul,655,4,-1,0,unknown,yes
46,self-employed,married,tertiary,no,1148,no,no,telephone,29,jul,104,2,-1,0,unknown,no
49,management,married,tertiary,no,7007,no,no,cellular,17,nov,325,2,-1,0,unknown,no
80,retired,married,primary,no,1548,no,no,cellular,6,aug,331,2,-1,0,unknown,no
44,technician,married,tertiary,no,1707,no,no,cellular,8,aug,406,3,-1,0,unknown,no
44,management,married,tertiary,no,7635,no,no,cellular,21,aug,719,5,-1,0,unknown,no
33,blue-collar,married,tertiary,no,1465,no,no,cellular,19,aug,98,4,-1,0,unknown,no
28,management,single,tertiary,no,1351,no,no,cellular,10,dec,267,1,-1,0,unknown,no
34,technician,married,secondary,no,1553,no,no,cellular,20,aug,200,2,-1,0,unknown,no
61,technician,married,secondary,no,1191,no,no,cellular,21,may,214,4,-1,0,unknown,yes
40,self-employed,married,tertiary,no,1603,no,no,unknown,17,jun,279,1,-1,0,unknown,no
49,technician,married,secondary,no,12531,no,no,cellular,13,aug,77,8,-1,0,unknown,no
46,blue-collar,divorced,primary,no,1712,no,no,unknown,19,jun,110,1,-1,0,unknown,no
47,technician,married,tertiary,no,2408,no,no,cellular,12,aug,236,1,104,1,success,no
42,entrepreneur,married,tertiary,no,42045,no,no,cellular,8,aug,205,2,-1,0,unknown,no
32,management,single,tertiary,no,2343,no,no,cellular,18,jul,226,1,-1,0,unknown,no
60,admin.,married,secondary,no,3735,no,no,cellular,22,dec,190,1,188,9,success,yes
50,services,married,secondary,no,26394,no,no,cellular,25,aug,206,4,-1,0,unknown,no
63,retired,married,primary,no,8044,no,no,cellular,12,nov,702,1,-1,0,unknown,no
53,technician,married,tertiary,no,3177,no,no,cellular,8,aug,92,2,-1,0,unknown,no
40,housemaid,married,secondary,no,4610,no,no,cellular,14,aug,154,2,-1,0,unknown,no
47,blue-collar,married,secondary,no,3285,no,no,cellular,31,jul,248,5,-1,0,unknown,no
53,blue-collar,married,primary,no,1868,no,no,cellular,8,aug,156,4,-1,0,unknown,no
31,technician,single,secondary,no,2544,no,no,cellular,15,jul,252,1,184,3,success,yes
58,management,married,tertiary,no,2764,no,no,cellular,17,nov,235,1,-1,0,unknown,no
52,services,single,secondary,no,1810,no,no,telephone,19,nov,117,1,-1,0,unknown,no
34,technician,single,secondary,no,1076,no,no,cellular,8,aug,70,2,-1,0,unknown,no
53,technician,married,secondary,no,9146,no,no,cellular,13,aug,136,4,-1,0,unknown,no
58,admin.,married,secondary,no,1142,no,no,telephone,4,feb,82,3,-1,0,unknown,no
57,technician,married,secondary,no,6164,no,no,cellular,19,nov,161,2,-1,0,unknown,no
59,admin.,married,secondary,no,2381,no,no,cellular,30,apr,173,2,-1,0,unknown,no
28,admin.,single,secondary,no,4745,no,no,telephone,12,may,360,1,181,5,success,yes
58,technician,married,primary,no,4015,no,no,unknown,20,jun,106,3,-1,0,unknown,no
34,management,single,tertiary,no,5086,no,no,cellular,25,may,213,4,-1,0,unknown,yes
37,technician,married,tertiary,no,6968,no,no,cellular,1,jun,175,1,-1,0,unknown,no
33,services,married,primary,no,6904,no,no,telephone,20,nov,114,2,-1,0,unknown,no
79,retired,married,primary,no,8556,no,no,telephone,18,jan,326,2,272,2,success,yes
54,management,married,tertiary,no,2819,no,no,cellular,7,aug,123,3,-1,0,unknown,no
53,management,married,tertiary,no,1343,no,no,cellular,5,aug,129,4,-1,0,unknown,no
39,management,single,tertiary,no,3797,no,no,cellular,2,jun,96,2,-1,0,unknown,no
59,retired,divorced,secondary,no,1026,no,no,unknown,5,nov,669,1,-1,0,unknown,yes
60,blue-collar,married,secondary,no,1801,no,no,telephone,29,oct,167,1,-1,0,unknown,no
56,management,married,tertiary,no,21664,no,no,unknown,17,jun,214,8,-1,0,unknown,no
32,management,married,tertiary,no,5878,no,no,cellular,19,aug,159,2,-1,0,unknown,no
36,management,married,tertiary,no,1477,no,no,cellular,7,aug,71,2,-1,0,unknown,no
59,unemployed,divorced,secondary,no,2921,no,no,telephone,3,feb,251,1,-1,0,unknown,no
58,management,married,tertiary,no,16264,no,no,telephone,17,nov,215,3,-1,0,unknown,no
49,retired,married,primary,no,1672,no,no,cellular,17,jul,128,3,-1,0,unknown,no
48,technician,married,tertiary,no,9207,no,no,cellular,18,aug,445,3,-1,0,unknown,no
60,admin.,married,secondary,no,3043,no,no,cellular,19,aug,235,3,-1,0,unknown,no
31,blue-collar,single,secondary,no,1882,no,no,cellular,7,may,529,2,-1,0,unknown,no
61,management,married,secondary,no,1471,no,no,cellular,12,aug,331,2,-1,0,unknown,no
36,management,single,tertiary,no,1283,no,no,cellular,18,aug,92,5,-1,0,unknown,no
39,self-employed,married,tertiary,no,1047,no,no,unknown,6,jun,554,1,-1,0,unknown,yes
26,management,single,tertiary,no,1177,no,no,cellular,19,oct,116,1,-1,0,unknown,no
34,admin.,married,secondary,no,5320,no,no,cellular,3,mar,114,6,467,5,other,no
71,retired,married,secondary,no,2850,no,no,cellular,17,feb,185,1,-1,0,unknown,yes
34,technician,single,secondary,no,5039,no,no,cellular,20,nov,205,6,-1,0,unknown,no
36,admin.,married,secondary,no,4280,no,no,unknown,19,jun,227,6,-1,0,unknown,no
40,management,married,tertiary,no,7780,no,no,telephone,4,may,364,1,355,1,other,no
58,retired,married,primary,no,1987,no,no,telephone,14,jul,185,4,-1,0,unknown,no
66,management,single,tertiary,no,6483,no,no,cellular,13,aug,275,1,-1,0,unknown,no
47,management,married,tertiary,no,2306,no,no,telephone,6,aug,239,4,-1,0,unknown,yes
76,retired,married,primary,no,2590,no,no,telephone,9,feb,68,12,-1,0,unknown,no
52,housemaid,married,secondary,no,14363,no,no,unknown,5,jun,132,1,-1,0,unknown,no
44,management,single,tertiary,no,1206,no,no,cellular,9,jul,160,2,-1,0,unknown,no
30,management,single,tertiary,no,6495,no,no,cellular,30,mar,78,3,-1,0,unknown,no
49,technician,married,tertiary,no,3726,no,no,cellular,5,aug,875,2,-1,0,unknown,yes
61,self-employed,divorced,tertiary,no,6610,no,no,cellular,24,feb,481,2,-1,0,unknown,yes
51,technician,married,tertiary,no,1315,no,no,telephone,5,jun,303,2,-1,0,unknown,no
26,admin.,married,secondary,no,2469,no,no,cellular,16,jul,136,8,-1,0,unknown,no
43,blue-collar,married,secondary,no,2160,no,no,cellular,8,sep,261,1,98,1,success,yes
38,management,married,tertiary,no,3452,no,no,cellular,13,aug,132,2,-1,0,unknown,no
41,unemployed,married,tertiary,no,1666,no,no,unknown,9,jun,291,3,-1,0,unknown,no
59,blue-collar,married,primary,no,2814,no,no,unknown,20,jun,81,3,-1,0,unknown,no
49,technician,married,secondary,no,2718,no,no,unknown,19,may,114,2,-1,0,unknown,no
36,management,divorced,tertiary,no,1057,no,no,cellular,5,feb,383,2,-1,0,unknown,no
58,admin.,single,secondary,no,2223,no,no,cellular,4,dec,1139,2,114,1,success,no
26,services,single,secondary,no,1347,no,no,telephone,18,jun,280,6,92,5,other,yes
36,entrepreneur,married,tertiary,no,3057,no,no,unknown,16,jun,2769,4,-1,0,unknown,yes
47,services,married,secondary,no,2322,no,no,cellular,22,aug,618,1,-1,0,unknown,no
41,admin.,married,secondary,no,4539,no,no,unknown,30,may,298,3,-1,0,unknown,no
38,management,single,tertiary,no,5244,no,no,cellular,8,aug,310,4,-1,0,unknown,no
31,management,married,tertiary,no,1331,no,no,cellular,30,apr,297,1,86,3,success,yes
60,retired,married,primary,no,71188,no,no,cellular,6,oct,205,1,-1,0,unknown,no
51,admin.,married,secondary,no,2967,no,no,unknown,17,jun,83,2,-1,0,unknown,no
59,management,married,tertiary,no,1585,no,no,telephone,28,aug,91,5,-1,0,unknown,no
72,retired,married,secondary,no,4130,no,no,cellular,12,nov,427,1,-1,0,unknown,no
35,management,married,tertiary,no,2793,no,no,cellular,20,nov,258,2,-1,0,unknown,no
36,management,single,tertiary,no,2944,no,no,cellular,18,aug,882,8,-1,0,unknown,yes
36,blue-collar,married,secondary,no,1409,no,no,unknown,17,jun,235,2,-1,0,unknown,no
30,technician,single,tertiary,no,2325,no,no,cellular,5,apr,270,3,241,4,other,no
48,technician,married,secondary,no,7020,no,no,cellular,6,aug,80,2,-1,0,unknown,no
35,self-employed,single,secondary,no,1732,no,no,telephone,21,nov,1441,3,-1,0,unknown,no
28,management,single,tertiary,no,5549,no,no,cellular,28,jul,383,6,-1,0,unknown,no
39,technician,married,secondary,no,3663,no,no,cellular,11,aug,230,3,-1,0,unknown,no
54,blue-collar,married,primary,no,4503,no,no,telephone,21,nov,168,3,-1,0,unknown,no
33,technician,married,secondary,no,3470,no,no,cellular,11,aug,285,2,-1,0,unknown,no
49,blue-collar,single,primary,no,1040,no,no,cellular,8,jul,474,2,-1,0,unknown,no
25,admin.,single,tertiary,no,1420,no,no,cellular,8,apr,124,2,-1,0,unknown,no
44,technician,single,secondary,no,1679,no,no,telephone,20,oct,718,1,-1,0,unknown,yes
47,management,single,tertiary,no,4402,no,no,telephone,10,dec,805,1,190,1,other,yes
36,blue-collar,married,primary,no,1177,no,no,cellular,15,apr,330,1,311,4,success,yes
53,management,married,primary,no,2096,no,no,unknown,9,jun,104,1,-1,0,unknown,no
29,management,single,tertiary,no,3357,no,no,cellular,21,jul,120,3,-1,0,unknown,no
48,management,married,primary,no,2537,no,no,cellular,26,aug,219,6,-1,0,unknown,no
37,entrepreneur,married,tertiary,no,7944,no,no,cellular,21,nov,102,1,-1,0,unknown,no
51,retired,divorced,secondary,no,1679,no,no,cellular,12,aug,417,1,365,9,other,yes
47,admin.,married,secondary,no,3676,no,no,cellular,18,oct,567,1,95,3,success,yes
38,management,single,tertiary,no,1704,no,no,cellular,1,sep,222,1,-1,0,unknown,no
53,housemaid,married,primary,no,2581,no,no,cellular,15,apr,99,1,-1,0,unknown,no
24,student,single,secondary,no,1847,no,no,cellular,9,dec,390,1,-1,0,unknown,no
49,management,married,primary,no,3371,no,no,cellular,11,nov,269,2,-1,0,unknown,yes
58,retired,married,primary,no,5092,no,no,unknown,11,jun,199,6,-1,0,unknown,no
58,management,married,tertiary,no,1831,no,no,cellular,17,nov,1531,1,-1,0,unknown,no
66,retired,married,tertiary,no,1948,no,no,cellular,28,jan,216,1,91,4,success,yes
41,admin.,married,tertiary,no,1287,no,no,unknown,16,jun,286,1,-1,0,unknown,no
44,management,married,tertiary,no,17361,no,no,unknown,18,jun,476,1,-1,0,unknown,no
28,blue-collar,single,secondary,no,2700,no,no,cellular,3,feb,337,4,-1,0,unknown,no
43,unemployed,married,secondary,no,3529,no,no,cellular,5,feb,169,2,-1,0,unknown,no
32,self-employed,married,tertiary,no,3601,no,no,cellular,22,aug,171,15,-1,0,unknown,no
58,retired,married,secondary,no,14412,no,no,cellular,18,nov,297,1,-1,0,unknown,no
37,management,married,tertiary,no,3288,no,no,cellular,8,aug,124,2,-1,0,unknown,no
39,self-employed,single,tertiary,no,3972,no,no,cellular,30,jul,122,3,-1,0,unknown,no
75,retired,married,secondary,no,26452,no,no,telephone,15,jul,219,2,-1,0,unknown,no
29,management,single,tertiary,no,1673,no,no,cellular,16,aug,200,2,159,3,other,no
46,services,married,secondary,no,2420,no,no,cellular,19,nov,405,2,-1,0,unknown,no
30,blue-collar,single,secondary,no,6900,no,no,cellular,21,nov,816,1,-1,0,unknown,no
57,admin.,married,secondary,no,2137,no,no,telephone,8,jul,132,7,-1,0,unknown,no
36,technician,married,secondary,no,2394,no,no,cellular,14,aug,184,2,-1,0,unknown,no
69,retired,single,tertiary,no,2144,no,no,cellular,29,jul,417,1,184,4,success,yes
31,management,married,tertiary,no,1170,no,no,cellular,20,aug,200,4,-1,0,unknown,no
40,services,married,secondary,no,1325,no,no,unknown,11,jun,150,2,-1,0,unknown,no
36,housemaid,married,secondary,no,2880,no,no,unknown,12,jun,283,1,-1,0,unknown,no
32,technician,married,tertiary,no,3939,no,no,cellular,8,aug,209,2,-1,0,unknown,no
40,technician,married,secondary,no,1259,no,no,unknown,20,may,234,5,-1,0,unknown,no
21,student,single,secondary,no,6844,no,no,cellular,14,aug,126,3,127,7,other,no
57,retired,married,secondary,no,1044,no,no,telephone,11,jan,585,1,192,2,success,yes
59,management,married,tertiary,no,1881,no,no,cellular,19,nov,456,2,-1,0,unknown,no
42,management,single,tertiary,no,10907,no,no,cellular,4,may,74,3,-1,0,unknown,no
60,technician,single,tertiary,no,2934,no,no,cellular,8,aug,233,2,-1,0,unknown,no
27,blue-collar,single,secondary,no,3792,no,no,cellular,22,apr,279,2,-1,0,unknown,yes
38,blue-collar,single,tertiary,no,14058,no,no,telephone,17,jul,293,20,-1,0,unknown,no
37,unemployed,married,secondary,no,1978,no,no,cellular,9,sep,404,1,182,1,success,yes
33,technician,single,secondary,no,2085,no,no,cellular,9,feb,501,2,-1,0,unknown,yes
31,technician,single,secondary,no,2305,no,no,cellular,4,aug,139,1,-1,0,unknown,no
41,management,married,tertiary,no,6563,no,no,cellular,27,aug,136,8,-1,0,unknown,no
35,management,married,tertiary,no,3161,no,no,cellular,8,aug,433,2,-1,0,unknown,no
42,management,married,secondary,no,1331,no,no,cellular,23,jul,698,2,-1,0,unknown,no
34,housemaid,married,primary,no,2929,no,no,cellular,14,aug,518,2,-1,0,unknown,yes
59,technician,married,secondary,no,2308,no,no,cellular,30,apr,815,1,87,1,other,yes
36,management,married,tertiary,no,1852,no,no,unknown,8,may,362,1,-1,0,unknown,no
27,student,single,secondary,no,8366,no,no,cellular,7,may,458,2,349,1,other,no
60,retired,divorced,tertiary,no,2131,no,no,cellular,10,jul,421,6,-1,0,unknown,no
47,blue-collar,married,primary,no,2642,no,no,cellular,13,aug,310,2,-1,0,unknown,no
47,admin.,single,secondary,no,2540,no,no,cellular,18,nov,110,5,-1,0,unknown,no
46,housemaid,single,tertiary,no,3232,no,no,telephone,15,jun,94,2,-1,0,unknown,no
63,retired,divorced,secondary,no,1490,no,no,cellular,8,jun,506,1,-1,0,unknown,yes
83,retired,divorced,primary,no,1097,no,no,telephone,5,mar,181,1,-1,0,unknown,yes
50,unemployed,married,secondary,no,3357,no,no,cellular,9,jun,239,4,-1,0,unknown,yes
49,blue-collar,married,secondary,no,1568,no,no,unknown,21,may,206,6,-1,0,unknown,no
38,entrepreneur,divorced,tertiary,no,7929,no,no,cellular,8,jul,182,3,-1,0,unknown,no
31,management,married,tertiary,no,4945,no,no,cellular,11,aug,445,1,-1,0,unknown,no
44,management,married,tertiary,no,4460,no,no,telephone,31,jul,168,2,-1,0,unknown,no
38,management,married,tertiary,no,12877,no,no,unknown,17,jun,118,3,-1,0,unknown,no
55,management,married,tertiary,no,6880,no,no,cellular,8,aug,353,2,-1,0,unknown,no
35,technician,married,secondary,no,2189,no,no,cellular,19,nov,256,3,-1,0,unknown,no
38,management,married,tertiary,no,3436,no,no,cellular,21,nov,663,4,-1,0,unknown,yes
51,technician,married,tertiary,no,2506,no,no,cellular,30,nov,210,3,-1,0,unknown,no
28,blue-collar,married,secondary,no,1137,no,no,cellular,6,feb,129,4,211,3,other,no
